"0","gather_results <- function(comparison, dds_obj=dds, alpha=0.05){"
"0","  res.init <- as.data.frame(results(dds_obj, name = comparison, alpha=alpha)) %>% "
"0","    rownames_to_column(""gene_name"") %>% "
"0","    select(gene_name, log2FoldChange, pvalue, padj)"
"0","  "
"0","  dds.shrinked <- lfcShrink(dds_obj, coef=comparison, type=""apeglm"")"
"0","  pdf(paste0(""../data/figures/"", comparison, "".pdf""))"
"0","  plotMA(dds.shrinked, main=comparison)"
"0","  dev.off()"
"0","  "
"0","  res.shrink <- as.data.frame(dds.shrinked) %>% "
"0","    rownames_to_column(""gene_name"") %>% "
"0","    select(log2FoldChange, gene_name)"
"0","  colnames(res.shrink) <- c(""log2FC.shrink"", ""gene_name"")"
"0","  "
"0","  "
"0","  res.combined <- res.init %>% "
"0","    left_join(res.shrink, by=""gene_name"") %>% "
"0","    mutate(condition=strsplit(comparison, ""_"")[[1]][2],"
"0","           de_vector = case_when(padj < alpha & log2FoldChange > 0 ~ 1,"
"0","                                   padj < alpha & log2FoldChange < 0 ~ -1,"
"0","                                   TRUE ~ 0)) %>% "
"0","    select(gene_name, log2FoldChange, log2FC.shrink, "
"0","           pvalue, padj, de_vector, condition)"
"0","  "
"0","  "
"0","  return(res.combined)"
"0","}"
"0",""
"0",""
"0","de_results <- bind_rows(lapply(resultsNames(dds)[2:length(resultsNames(dds))], gather_results))"
"2","using 'apeglm' for LFC shrinkage. If used in published research, please cite:
    Zhu, A., Ibrahim, J.G., Love, M.I. (2018) Heavy-tailed prior distributions for
    sequence count data: removing the noise and preserving large differences.
    Bioinformatics. https://doi.org/10.1093/bioinformatics/bty895
"
"2","using 'apeglm' for LFC shrinkage. If used in published research, please cite:
    Zhu, A., Ibrahim, J.G., Love, M.I. (2018) Heavy-tailed prior distributions for
    sequence count data: removing the noise and preserving large differences.
    Bioinformatics. https://doi.org/10.1093/bioinformatics/bty895
"
"2","using 'apeglm' for LFC shrinkage. If used in published research, please cite:
    Zhu, A., Ibrahim, J.G., Love, M.I. (2018) Heavy-tailed prior distributions for
    sequence count data: removing the noise and preserving large differences.
    Bioinformatics. https://doi.org/10.1093/bioinformatics/bty895
"
"2","using 'apeglm' for LFC shrinkage. If used in published research, please cite:
    Zhu, A., Ibrahim, J.G., Love, M.I. (2018) Heavy-tailed prior distributions for
    sequence count data: removing the noise and preserving large differences.
    Bioinformatics. https://doi.org/10.1093/bioinformatics/bty895
"
"2","using 'apeglm' for LFC shrinkage. If used in published research, please cite:
    Zhu, A., Ibrahim, J.G., Love, M.I. (2018) Heavy-tailed prior distributions for
    sequence count data: removing the noise and preserving large differences.
    Bioinformatics. https://doi.org/10.1093/bioinformatics/bty895
"
"2","using 'apeglm' for LFC shrinkage. If used in published research, please cite:
    Zhu, A., Ibrahim, J.G., Love, M.I. (2018) Heavy-tailed prior distributions for
    sequence count data: removing the noise and preserving large differences.
    Bioinformatics. https://doi.org/10.1093/bioinformatics/bty895
"
"2","using 'apeglm' for LFC shrinkage. If used in published research, please cite:
    Zhu, A., Ibrahim, J.G., Love, M.I. (2018) Heavy-tailed prior distributions for
    sequence count data: removing the noise and preserving large differences.
    Bioinformatics. https://doi.org/10.1093/bioinformatics/bty895
"
"2","using 'apeglm' for LFC shrinkage. If used in published research, please cite:
    Zhu, A., Ibrahim, J.G., Love, M.I. (2018) Heavy-tailed prior distributions for
    sequence count data: removing the noise and preserving large differences.
    Bioinformatics. https://doi.org/10.1093/bioinformatics/bty895
"
"2","using 'apeglm' for LFC shrinkage. If used in published research, please cite:
    Zhu, A., Ibrahim, J.G., Love, M.I. (2018) Heavy-tailed prior distributions for
    sequence count data: removing the noise and preserving large differences.
    Bioinformatics. https://doi.org/10.1093/bioinformatics/bty895
"
"2","using 'apeglm' for LFC shrinkage. If used in published research, please cite:
    Zhu, A., Ibrahim, J.G., Love, M.I. (2018) Heavy-tailed prior distributions for
    sequence count data: removing the noise and preserving large differences.
    Bioinformatics. https://doi.org/10.1093/bioinformatics/bty895
"
"2","using 'apeglm' for LFC shrinkage. If used in published research, please cite:
    Zhu, A., Ibrahim, J.G., Love, M.I. (2018) Heavy-tailed prior distributions for
    sequence count data: removing the noise and preserving large differences.
    Bioinformatics. https://doi.org/10.1093/bioinformatics/bty895
"
"0","de_results"
