{"chunk_definitions":[{"row":10,"row_count":1,"visible":true,"expansion_state":0,"options":{"engine":"r","label":"setup","include":false},"document_id":"8BA1A161","chunk_id":"csetup_chunk","chunk_label":"setup"},{"row":28,"row_count":1,"visible":true,"expansion_state":0,"options":{"engine":"r","label":"import_data"},"document_id":"8BA1A161","chunk_id":"cgvd4abik3wo0","chunk_label":"import_data"},{"row":39,"row_count":1,"visible":true,"expansion_state":0,"options":{"engine":"r","label":"create_metadata"},"document_id":"8BA1A161","chunk_id":"ctrc2da48pj5g","chunk_label":"create_metadata"},{"row":49,"row_count":1,"visible":true,"expansion_state":0,"options":{"engine":"r","label":"unnamed-chunk-1"},"document_id":"8BA1A161","chunk_id":"cwvokbdaf49we","chunk_label":"unnamed-chunk-1"},{"row":55,"row_count":1,"visible":true,"expansion_state":0,"options":{"engine":"r","label":"unnamed-chunk-2"},"document_id":"8BA1A161","chunk_id":"ce2d0be65kjga","chunk_label":"unnamed-chunk-2"},{"row":69,"row_count":1,"visible":true,"expansion_state":0,"options":{"engine":"r","label":"unnamed-chunk-4"},"document_id":"8BA1A161","chunk_id":"c5lqoe1v9ut7q","chunk_label":"unnamed-chunk-3"},{"row":104,"row_count":1,"visible":true,"expansion_state":0,"options":{"engine":"r","label":"unnamed-chunk-7"},"document_id":"8BA1A161","chunk_id":"cdmaqwsffus5c","chunk_label":"unnamed-chunk-4"},{"row":108,"row_count":1,"visible":true,"expansion_state":0,"options":{"engine":"r","label":"unnamed-chunk-8"},"document_id":"8BA1A161","chunk_id":"cas02eu5hbj32","chunk_label":"unnamed-chunk-5"}],"doc_write_time":1623059243,"working_dir":null,"default_chunk_options":{}}